{"t_hist": [0.507366, 0.354254, 0.353555, 0.353827, 0.354184, 0.353727, 0.353378, 0.353231, 0.353646, 0.353129], "v_hist": [0.355058, 0.350992, 0.351753, 0.353875, 0.355602, 0.349481, 0.352138, 0.350614, 0.352693, 0.349824]}