{"t_hist": [0.44224860503338276, 0.0032709060073830187, 0.0011660713684977964, 0.0006785920559195802, 0.0003674379580479581, 0.0002130813965050038, 0.00014623366128944327, 0.0001553229165438097, 0.00011284306227025809, 7.953113024996128e-05], "v_hist": [0.005259124748408795, 0.0013404837623238563, 0.0007186256372369826, 0.00039947429788298903, 0.00019761258270591496, 0.00017457149078836665, 0.00010104032611707225, 0.00010267089091939852, 5.175785074243322e-05, 5.175253099878319e-05]}